[  {    "type": "get",    "url": "/controllers_list",    "title": "Controller List",    "name": "GetControllerList",    "group": "General",    "examples": [      {        "title": "Example usage:",        "content": "curl -i http://localhost:5000/controllers_list",        "type": "curl"      }    ],    "success": {      "fields": {        "Success 200": [          {            "group": "Success 200",            "type": "int",            "optional": false,            "field": "ip",            "description": "<p>Controller ip address</p>"          },          {            "group": "Success 200",            "type": "str",            "optional": false,            "field": "name",            "description": "<p>Controller name</p>"          },          {            "group": "Success 200",            "type": "int",            "optional": false,            "field": "port",            "description": "<p>Controller port</p>"          }        ]      },      "examples": [        {          "title": "Success-Response:",          "content": "[\n  {\n    \"ip\": \"129.194.184.124\",\n    \"name\": \"Pi 1\",\n    \"port\": 5000\n  },\n  {\n    \"ip\": \"129.194.184.125\",\n    \"name\": \"Pi 2\",\n    \"port\": 5000\n  },\n  {\n    \"ip\": \"129.194.185.199\",\n    \"name\": \"Pi 3\",\n    \"port\": 5000\n  }\n]",          "type": "json"        }      ]    },    "version": "0.0.0",    "filename": "../python/REST_server.py",    "groupTitle": "General"  },  {    "type": "get",    "url": "/:controller/sensors_list",    "title": "Sensors List",    "name": "GetSensorsList",    "group": "General",    "examples": [      {        "title": "Example usage:",        "content": "curl -i http://localhost:5000/Pi%201/sensors_list",        "type": "curl"      }    ],    "parameter": {      "fields": {        "Parameter": [          {            "group": "Parameter",            "type": "str",            "optional": false,            "field": "controller",            "description": "<p>Controller name</p>"          }        ]      }    },    "success": {      "fields": {        "Success 200": [          {            "group": "Success 200",            "type": "int",            "optional": false,            "field": "controller",            "description": "<p>Sensor's controller name</p>"          },          {            "group": "Success 200",            "type": "str",            "optional": false,            "field": "id",            "description": "<p>Sensor unique id</p>"          },          {            "group": "Success 200",            "type": "int",            "optional": false,            "field": "location",            "description": "<p>Location id</p>"          }        ]      },      "examples": [        {          "title": "Success-Response:",          "content": "[\n  {\n    \"controller\": \"Pi 1\",\n    \"id\": 2,\n    \"location\": \"A501\"\n  },\n  {\n    \"controller\": \"Pi 1\",\n    \"id\": 4,\n    \"location\": \"A502\"\n  }\n]",          "type": "json"        }      ]    },    "error": {      "fields": {        "Error 4xx": [          {            "group": "Error 4xx",            "optional": false,            "field": "ControllerNotFound",            "description": "<p>The <code>name</code> of the Controller was not found.</p>"          }        ]      },      "examples": [        {          "title": "Error-Response:",          "content": "Sorry, wrong controller !",          "type": "json"        }      ]    },    "version": "0.0.0",    "filename": "../python/REST_server.py",    "groupTitle": "General"  },  {    "type": "get",    "url": "/:room_id/average/:x",    "title": "Room Average x Measures",    "name": "GetRoomAvgMeasures",    "group": "RoomMeasures",    "examples": [      {        "title": "Example usage:",        "content": "curl -i http://localhost:5000/A432/average/5",        "type": "curl"      }    ],    "parameter": {      "fields": {        "Parameter": [          {            "group": "Parameter",            "type": "int",            "optional": false,            "field": "room",            "description": "<p>Room id</p>"          },          {            "group": "Parameter",            "type": "int",            "optional": false,            "field": "x",            "description": "<p>Number of measures to take</p>"          }        ]      }    },    "success": {      "fields": {        "Success 200": [          {            "group": "Success 200",            "type": "str",            "optional": false,            "field": "room",            "description": "<p>Room id</p>"          },          {            "group": "Success 200",            "type": "float",            "optional": false,            "field": "humidity",            "description": "<p>Humidity average in a room</p>"          },          {            "group": "Success 200",            "type": "float",            "optional": false,            "field": "luminence",            "description": "<p>Luminence average in a room</p>"          },          {            "group": "Success 200",            "type": "float",            "optional": false,            "field": "temperature",            "description": "<p>Temperature average in a room</p>"          }        ]      },      "examples": [        {          "title": "Success-Response:",          "content": "[\n  {\n    \"humidity\": 20.0,\n    \"luminance\": 130.4,\n    \"room\": \"A432\",\n    \"temperature\": 27.4\n  }\n]",          "type": "json"        }      ]    },    "error": {      "fields": {        "Error 4xx": [          {            "group": "Error 4xx",            "optional": false,            "field": "RoomNotFound",            "description": "<p>The <code>id</code> of the Room was not found.</p>"          },          {            "group": "Error 4xx",            "optional": false,            "field": "TooMuchMeasures",            "description": "<p>The number of measures to take is bigger than the total of measures.</p>"          }        ]      },      "examples": [        {          "title": "Error-Response:",          "content": "Sorry, there is just 42 measures for this room",          "type": "json"        }      ]    },    "version": "0.0.0",    "filename": "../python/REST_server.py",    "groupTitle": "RoomMeasures"  },  {    "type": "get",    "url": "/:controller/:sensor/:date1/:date2",    "title": "Measures Between 2 Dates",    "name": "GetMeasuresBetween",    "group": "SensorsMeasures",    "examples": [      {        "title": "Example usage:",        "content": "curl -i http://localhost:5000/Pi%201/2/2017-11-15%2008:24:30/2017-11-15%2009:36:30",        "type": "curl"      }    ],    "parameter": {      "fields": {        "Parameter": [          {            "group": "Parameter",            "type": "str",            "optional": false,            "field": "controller",            "description": "<p>Controller number</p>"          },          {            "group": "Parameter",            "type": "int",            "optional": false,            "field": "sensor",            "description": "<p>Sensor id</p>"          },          {            "group": "Parameter",            "type": "int",            "optional": false,            "field": "date1",            "description": "<p>First date</p>"          },          {            "group": "Parameter",            "type": "int",            "optional": false,            "field": "date2",            "description": "<p>Second date</p>"          }        ]      }    },    "success": {      "fields": {        "Success 200": [          {            "group": "Success 200",            "type": "int",            "optional": false,            "field": "id",            "description": "<p>Sensor id</p>"          },          {            "group": "Success 200",            "type": "str",            "optional": false,            "field": "controller",            "description": "<p>Controller name</p>"          },          {            "group": "Success 200",            "type": "int",            "optional": false,            "field": "humidity",            "description": "<p>Humidity measured by the sensor</p>"          },          {            "group": "Success 200",            "type": "int",            "optional": false,            "field": "luminence",            "description": "<p>Luminence measured by the sensor</p>"          },          {            "group": "Success 200",            "type": "int",            "optional": false,            "field": "temperature",            "description": "<p>Temperature measured by the sensor</p>"          },          {            "group": "Success 200",            "type": "int",            "optional": false,            "field": "battery",            "description": "<p>Battery state of the sensor</p>"          },          {            "group": "Success 200",            "type": "date",            "optional": false,            "field": "date",            "description": "<p>Date of the measure</p>"          },          {            "group": "Success 200",            "type": "boolean",            "optional": false,            "field": "motion",            "description": "<p>Is the sensor in motion</p>"          }        ]      },      "examples": [        {          "title": "Success-Response:",          "content": "[\n  {\n    \"battery\": 29,\n    \"controller\": \"Pi 1\",\n    \"date\": \"Wed, 15 Nov 2017 08:24:30 GMT\",\n    \"humidity\": 23,\n    \"id\": 2,\n    \"luminance\": 163,\n    \"motion\": false,\n    \"temperature\": 21\n  },\n  {\n    \"battery\": 29,\n    \"controller\": \"Pi 1\",\n    \"date\": \"Wed, 15 Nov 2017 08:28:30 GMT\",\n    \"humidity\": 23,\n    \"id\": 2,\n    \"luminance\": 176,\n    \"motion\": false,\n    \"temperature\": 21\n  },\n  {\n    \"battery\": 29,\n    \"controller\": \"Pi 1\",\n    \"date\": \"Wed, 15 Nov 2017 09:36:30 GMT\",\n    \"humidity\": 22,\n    \"id\": 2,\n    \"luminance\": 1000,\n    \"motion\": false,\n    \"temperature\": 22\n  }\n]",          "type": "json"        }      ]    },    "error": {      "fields": {        "Error 4xx": [          {            "group": "Error 4xx",            "optional": false,            "field": "ControllerNotFound",            "description": "<p>The <code>name</code> of the Controller was not found.</p>"          },          {            "group": "Error 4xx",            "optional": false,            "field": "SensorNotFound",            "description": "<p>The <code>id</code> of the Sensor was not found.</p>"          }        ]      },      "examples": [        {          "title": "Error-Response:",          "content": "Sorry, wrong sensor !",          "type": "json"        }      ]    },    "version": "0.0.0",    "filename": "../python/REST_server.py",    "groupTitle": "SensorsMeasures"  },  {    "type": "get",    "url": "/:controller/:sensor/last_measures",    "title": "Sensor Last Measures",    "name": "GetSensorLastMeasures",    "group": "SensorsMeasures",    "examples": [      {        "title": "Example usage:",        "content": "curl -i http://localhost:5000/Pi%201/2/last_measures",        "type": "curl"      }    ],    "parameter": {      "fields": {        "Parameter": [          {            "group": "Parameter",            "type": "str",            "optional": false,            "field": "controller",            "description": "<p>Controller name</p>"          },          {            "group": "Parameter",            "type": "int",            "optional": false,            "field": "sensor",            "description": "<p>Sensor id</p>"          }        ]      }    },    "success": {      "fields": {        "Success 200": [          {            "group": "Success 200",            "type": "int",            "optional": false,            "field": "id",            "description": "<p>Sensor id</p>"          },          {            "group": "Success 200",            "type": "str",            "optional": false,            "field": "controller",            "description": "<p>Controller name</p>"          },          {            "group": "Success 200",            "type": "int",            "optional": false,            "field": "humidity",            "description": "<p>Humidity measured by the sensor</p>"          },          {            "group": "Success 200",            "type": "int",            "optional": false,            "field": "luminence",            "description": "<p>Luminence measured by the sensor</p>"          },          {            "group": "Success 200",            "type": "int",            "optional": false,            "field": "temperature",            "description": "<p>Temperature measured by the sensor</p>"          },          {            "group": "Success 200",            "type": "int",            "optional": false,            "field": "battery",            "description": "<p>Battery state of the sensor</p>"          },          {            "group": "Success 200",            "type": "date",            "optional": false,            "field": "date",            "description": "<p>Date of the measure</p>"          },          {            "group": "Success 200",            "type": "boolean",            "optional": false,            "field": "motion",            "description": "<p>Is the sensor in motion</p>"          }        ]      },      "examples": [        {          "title": "Success-Response:",          "content": "[\n  {\n    \"battery\": 23,\n    \"controller\": \"Pi 1\",\n    \"date\": \"Mon, 20 Nov 2017 11:02:00 GMT\",\n    \"humidity\": 27,\n    \"id\": 2,\n    \"luminance\": 172,\n    \"motion\": true,\n    \"temperature\": 23\n  }\n]",          "type": "json"        }      ]    },    "error": {      "fields": {        "Error 4xx": [          {            "group": "Error 4xx",            "optional": false,            "field": "ControllerNotFound",            "description": "<p>The <code>name</code> of the Controller was not found.</p>"          },          {            "group": "Error 4xx",            "optional": false,            "field": "SensorNotFound",            "description": "<p>The <code>id</code> of the Sensor was not found.</p>"          }        ]      },      "examples": [        {          "title": "Error-Response:",          "content": "Sorry, wrong sensor !",          "type": "json"        }      ]    },    "version": "0.0.0",    "filename": "../python/REST_server.py",    "groupTitle": "SensorsMeasures"  }]
