{
    "room 1": {
        "blinds": [
            {
                "address": "1.0.0@1/4/1",
                "value": 0
            },
            {
                "address": "1.0.1@1/4/2",
                "value": 255
            }
        ],
        "valves": [
            {
                "address": "1.0.2@0/4/1",
                "value": 0
            },
            {
                "address": "1.0.3@0/4/2",
                "value": 22
            }
        ]
    },
    "room 2": {
        "blinds": [
            {
                "address": "2.0.0@1/4/10",
                "value": 0
            },
            {
                "address": "2.0.1@1/4/11",
                "value": 122
            }
        ],
        "valves": [
            {
                "address": "2.0.2@0/4/10",
                "value": 19
            },
            {
                "address": "2.0.3@0/4/11",
                "value": 19
            }
        ]
    }
}